vector_size,function_name,time
100,dot_product,2.2e-6
100,dot_product,1.2e-6
100,dot_product,7.0e-7
100,dot_product,2.0e-7
100,dot_product,1.0e-7
100,dot_product,1.0e-7
100,dot_product,1.0e-7
100,dot_product,1.0e-7
100,dot_product,1.0e-7
100,dot_product,0.0
100,matrix_vector_multiply,0.0003105
100,matrix_vector_multiply,0.000313
100,matrix_vector_multiply,0.0002219
100,matrix_vector_multiply,0.0002603
100,matrix_vector_multiply,0.0002145
100,matrix_vector_multiply,0.0002548
100,matrix_vector_multiply,0.0002316
100,matrix_vector_multiply,0.0003416
100,matrix_vector_multiply,0.0002315
100,matrix_vector_multiply,0.0002466
200,dot_product,1.0e-7
200,dot_product,0.0
200,dot_product,0.0
200,dot_product,1.0e-7
200,dot_product,1.0e-7
200,dot_product,1.0e-7
200,dot_product,1.0e-7
200,dot_product,0.0
200,dot_product,1.0e-7
200,dot_product,1.0e-7
200,matrix_vector_multiply,0.0001955
200,matrix_vector_multiply,0.0002164
200,matrix_vector_multiply,0.0001734
200,matrix_vector_multiply,0.0002198
200,matrix_vector_multiply,0.0001057
200,matrix_vector_multiply,0.0001513
200,matrix_vector_multiply,7.31e-5
200,matrix_vector_multiply,3.07e-5
200,matrix_vector_multiply,8.98e-5
200,matrix_vector_multiply,0.0001303
300,dot_product,1.0e-7
300,dot_product,1.0e-7
300,dot_product,0.0
300,dot_product,0.0
300,dot_product,0.0
300,dot_product,1.0e-7
300,dot_product,1.0e-7
300,dot_product,0.0
300,dot_product,1.0e-7
300,dot_product,1.0e-7
300,matrix_vector_multiply,9.15e-5
300,matrix_vector_multiply,8.55e-5
300,matrix_vector_multiply,0.0001457
300,matrix_vector_multiply,0.0001032
300,matrix_vector_multiply,5.52e-5
300,matrix_vector_multiply,7.6e-5
300,matrix_vector_multiply,6.81e-5
300,matrix_vector_multiply,0.0001605
300,matrix_vector_multiply,0.0001509
300,matrix_vector_multiply,0.0001158
400,dot_product,0.0
400,dot_product,1.0e-7
400,dot_product,1.0e-7
400,dot_product,1.0e-7
400,dot_product,1.0e-7
400,dot_product,0.0
400,dot_product,0.0
400,dot_product,0.0
400,dot_product,1.0e-7
400,dot_product,1.0e-7
400,matrix_vector_multiply,9.89e-5
400,matrix_vector_multiply,0.0001385
400,matrix_vector_multiply,0.0001649
400,matrix_vector_multiply,0.0001347
400,matrix_vector_multiply,0.0001584
400,matrix_vector_multiply,0.0001614
400,matrix_vector_multiply,0.0001615
400,matrix_vector_multiply,7.58e-5
400,matrix_vector_multiply,0.000138
400,matrix_vector_multiply,7.06e-5
500,dot_product,1.0e-7
500,dot_product,1.0e-7
500,dot_product,1.0e-7
500,dot_product,1.0e-7
500,dot_product,1.0e-7
500,dot_product,0.0
500,dot_product,0.0
500,dot_product,1.0e-7
500,dot_product,0.0
500,dot_product,1.0e-7
500,matrix_vector_multiply,7.75e-5
500,matrix_vector_multiply,9.63e-5
500,matrix_vector_multiply,8.27e-5
500,matrix_vector_multiply,8.44e-5
500,matrix_vector_multiply,4.76e-5
500,matrix_vector_multiply,7.55e-5
500,matrix_vector_multiply,0.0002285
500,matrix_vector_multiply,0.000259
500,matrix_vector_multiply,0.0002064
500,matrix_vector_multiply,0.0002703
600,dot_product,1.0e-7
600,dot_product,1.0e-7
600,dot_product,1.0e-7
600,dot_product,1.0e-7
600,dot_product,0.0
600,dot_product,1.0e-7
600,dot_product,0.0
600,dot_product,1.0e-7
600,dot_product,1.0e-7
600,dot_product,1.0e-7
600,matrix_vector_multiply,0.0002567
600,matrix_vector_multiply,0.0002359
600,matrix_vector_multiply,0.0002716
600,matrix_vector_multiply,0.0001744
600,matrix_vector_multiply,0.0001939
600,matrix_vector_multiply,0.0002662
600,matrix_vector_multiply,0.0001793
600,matrix_vector_multiply,0.0001948
600,matrix_vector_multiply,0.0001521
600,matrix_vector_multiply,0.0002142
700,dot_product,1.0e-7
700,dot_product,1.0e-7
700,dot_product,0.0
700,dot_product,1.0e-7
700,dot_product,1.0e-7
700,dot_product,1.0e-7
700,dot_product,0.0
700,dot_product,1.0e-7
700,dot_product,1.0e-7
700,dot_product,1.0e-7
700,matrix_vector_multiply,0.0001395
700,matrix_vector_multiply,0.000195
700,matrix_vector_multiply,0.0002161
700,matrix_vector_multiply,0.0001583
700,matrix_vector_multiply,0.0001827
700,matrix_vector_multiply,0.0001692
700,matrix_vector_multiply,0.0001903
700,matrix_vector_multiply,0.0002116
700,matrix_vector_multiply,0.0002223
700,matrix_vector_multiply,0.0002874
800,dot_product,1.0e-7
800,dot_product,1.0e-7
800,dot_product,1.0e-7
800,dot_product,1.0e-7
800,dot_product,1.0e-7
800,dot_product,1.0e-7
800,dot_product,1.0e-7
800,dot_product,1.0e-7
800,dot_product,1.0e-7
800,dot_product,1.0e-7
800,matrix_vector_multiply,0.0002142
800,matrix_vector_multiply,0.0002277
800,matrix_vector_multiply,0.0002554
800,matrix_vector_multiply,0.0002769
800,matrix_vector_multiply,0.0002612
800,matrix_vector_multiply,0.0002347
800,matrix_vector_multiply,0.0002296
800,matrix_vector_multiply,0.0002525
800,matrix_vector_multiply,0.0002449
800,matrix_vector_multiply,0.0002538
900,dot_product,2.0e-7
900,dot_product,1.0e-7
900,dot_product,1.0e-7
900,dot_product,0.0
900,dot_product,1.0e-7
900,dot_product,1.0e-7
900,dot_product,1.0e-7
900,dot_product,1.0e-7
900,dot_product,1.0e-7
900,dot_product,1.0e-7
900,matrix_vector_multiply,0.0002424
900,matrix_vector_multiply,0.0002491
900,matrix_vector_multiply,0.0002144
900,matrix_vector_multiply,0.0002354
900,matrix_vector_multiply,0.0002206
900,matrix_vector_multiply,0.0002658
900,matrix_vector_multiply,0.0002469
900,matrix_vector_multiply,0.0003185
900,matrix_vector_multiply,0.0003072
900,matrix_vector_multiply,0.0003056
1000,dot_product,1.0e-7
1000,dot_product,1.0e-7
1000,dot_product,1.0e-7
1000,dot_product,1.0e-7
1000,dot_product,1.0e-7
1000,dot_product,1.0e-7
1000,dot_product,1.0e-7
1000,dot_product,0.0
1000,dot_product,1.0e-7
1000,dot_product,1.0e-7
1000,matrix_vector_multiply,0.0003015
1000,matrix_vector_multiply,0.0002958
1000,matrix_vector_multiply,0.0002651
1000,matrix_vector_multiply,0.0002684
1000,matrix_vector_multiply,0.0002559
1000,matrix_vector_multiply,0.0002959
1000,matrix_vector_multiply,0.0002726
1000,matrix_vector_multiply,0.0002877
1000,matrix_vector_multiply,0.000249
1000,matrix_vector_multiply,0.0003097
1100,dot_product,2.0e-7
1100,dot_product,1.0e-7
1100,dot_product,1.0e-7
1100,dot_product,1.0e-7
1100,dot_product,1.0e-7
1100,dot_product,1.0e-7
1100,dot_product,1.0e-7
1100,dot_product,1.0e-7
1100,dot_product,1.0e-7
1100,dot_product,1.0e-7
1100,matrix_vector_multiply,0.0003703
1100,matrix_vector_multiply,0.0002809
1100,matrix_vector_multiply,0.0003103
1100,matrix_vector_multiply,0.0003421
1100,matrix_vector_multiply,0.0002787
1100,matrix_vector_multiply,0.0003159
1100,matrix_vector_multiply,0.0003191
1100,matrix_vector_multiply,0.0002964
1100,matrix_vector_multiply,0.0002905
1100,matrix_vector_multiply,0.000296
1200,dot_product,1.0e-7
1200,dot_product,1.0e-7
1200,dot_product,2.0e-7
1200,dot_product,1.0e-7
1200,dot_product,1.0e-7
1200,dot_product,1.0e-7
1200,dot_product,1.0e-7
1200,dot_product,1.0e-7
1200,dot_product,1.0e-7
1200,dot_product,1.0e-7
1200,matrix_vector_multiply,0.000364
1200,matrix_vector_multiply,0.0003222
1200,matrix_vector_multiply,0.0004527
1200,matrix_vector_multiply,0.0003486
1200,matrix_vector_multiply,0.0003616
1200,matrix_vector_multiply,0.0003958
1200,matrix_vector_multiply,0.00032
1200,matrix_vector_multiply,0.0003792
1200,matrix_vector_multiply,0.0003677
1200,matrix_vector_multiply,0.0003347
1300,dot_product,1.0e-7
1300,dot_product,1.0e-7
1300,dot_product,1.0e-7
1300,dot_product,1.0e-7
1300,dot_product,2.0e-7
1300,dot_product,1.0e-7
1300,dot_product,1.0e-7
1300,dot_product,2.0e-7
1300,dot_product,1.0e-7
1300,dot_product,1.0e-7
1300,matrix_vector_multiply,0.0003825
1300,matrix_vector_multiply,0.0003766
1300,matrix_vector_multiply,0.0004124
1300,matrix_vector_multiply,0.0004257
1300,matrix_vector_multiply,0.000508
1300,matrix_vector_multiply,0.0003893
1300,matrix_vector_multiply,0.0003681
1300,matrix_vector_multiply,0.0003822
1300,matrix_vector_multiply,0.0004082
1300,matrix_vector_multiply,0.0003749
1400,dot_product,2.0e-7
1400,dot_product,2.0e-7
1400,dot_product,1.0e-7
1400,dot_product,1.0e-7
1400,dot_product,1.0e-7
1400,dot_product,1.0e-7
1400,dot_product,1.0e-7
1400,dot_product,1.0e-7
1400,dot_product,1.0e-7
1400,dot_product,1.0e-7
1400,matrix_vector_multiply,0.0004253
1400,matrix_vector_multiply,0.0004547
1400,matrix_vector_multiply,0.0004554
1400,matrix_vector_multiply,0.0004326
1400,matrix_vector_multiply,0.0004823
1400,matrix_vector_multiply,0.0004523
1400,matrix_vector_multiply,0.0004414
1400,matrix_vector_multiply,0.000444
1400,matrix_vector_multiply,0.000524
1400,matrix_vector_multiply,0.0004294
1500,dot_product,2.0e-6
1500,dot_product,1.0e-7
1500,dot_product,2.0e-7
1500,dot_product,1.0e-7
1500,dot_product,2.0e-7
1500,dot_product,1.0e-7
1500,dot_product,1.0e-7
1500,dot_product,1.0e-7
1500,dot_product,1.0e-7
1500,dot_product,1.0e-7
1500,matrix_vector_multiply,0.0004973
1500,matrix_vector_multiply,0.0005644
1500,matrix_vector_multiply,0.0005457
1500,matrix_vector_multiply,0.0004833
1500,matrix_vector_multiply,0.0004878
1500,matrix_vector_multiply,0.0005354
1500,matrix_vector_multiply,0.0006457
1500,matrix_vector_multiply,0.0005311
1500,matrix_vector_multiply,0.000569
1500,matrix_vector_multiply,0.0004922
1600,dot_product,1.0e-7
1600,dot_product,2.0e-7
1600,dot_product,1.0e-7
1600,dot_product,1.0e-7
1600,dot_product,1.0e-7
1600,dot_product,1.0e-7
1600,dot_product,1.0e-7
1600,dot_product,1.0e-7
1600,dot_product,1.0e-7
1600,dot_product,1.0e-7
1600,matrix_vector_multiply,0.000512
1600,matrix_vector_multiply,0.000579
1600,matrix_vector_multiply,0.0005296
1600,matrix_vector_multiply,0.0007189
1600,matrix_vector_multiply,0.0006793
1600,matrix_vector_multiply,0.0005747
1600,matrix_vector_multiply,0.0006287
1600,matrix_vector_multiply,0.00053
1600,matrix_vector_multiply,0.0005221
1600,matrix_vector_multiply,0.0005181
1700,dot_product,2.0e-7
1700,dot_product,2.0e-7
1700,dot_product,1.0e-7
1700,dot_product,1.0e-7
1700,dot_product,2.0e-7
1700,dot_product,2.0e-7
1700,dot_product,1.0e-7
1700,dot_product,2.0e-7
1700,dot_product,1.0e-7
1700,dot_product,1.0e-7
1700,matrix_vector_multiply,0.0006152
1700,matrix_vector_multiply,0.0006565
1700,matrix_vector_multiply,0.0005988
1700,matrix_vector_multiply,0.0005931
1700,matrix_vector_multiply,0.0005906
1700,matrix_vector_multiply,0.0006498
1700,matrix_vector_multiply,0.0005952
1700,matrix_vector_multiply,0.0006876
1700,matrix_vector_multiply,0.0005826
1700,matrix_vector_multiply,0.0005816
1800,dot_product,2.0e-7
1800,dot_product,2.0e-7
1800,dot_product,2.0e-7
1800,dot_product,2.0e-7
1800,dot_product,1.0e-7
1800,dot_product,2.0e-7
1800,dot_product,2.0e-7
1800,dot_product,2.0e-7
1800,dot_product,2.0e-7
1800,dot_product,1.0e-7
1800,matrix_vector_multiply,0.0006629
1800,matrix_vector_multiply,0.0008101
1800,matrix_vector_multiply,0.0007355
1800,matrix_vector_multiply,0.0006653
1800,matrix_vector_multiply,0.0007431
1800,matrix_vector_multiply,0.0006409
1800,matrix_vector_multiply,0.0007685
1800,matrix_vector_multiply,0.0006667
1800,matrix_vector_multiply,0.0007101
1800,matrix_vector_multiply,0.0006595
1900,dot_product,1.0e-7
1900,dot_product,2.0e-7
1900,dot_product,2.0e-7
1900,dot_product,2.0e-7
1900,dot_product,1.0e-7
1900,dot_product,1.0e-7
1900,dot_product,2.0e-7
1900,dot_product,2.0e-7
1900,dot_product,1.0e-7
1900,dot_product,2.0e-7
1900,matrix_vector_multiply,0.000947
1900,matrix_vector_multiply,0.0008053
1900,matrix_vector_multiply,0.0008364
1900,matrix_vector_multiply,0.0007394
1900,matrix_vector_multiply,0.0007378
1900,matrix_vector_multiply,0.0007431
1900,matrix_vector_multiply,0.0007752
1900,matrix_vector_multiply,0.0007254
1900,matrix_vector_multiply,0.0008916
1900,matrix_vector_multiply,0.0007305
2000,dot_product,2.0e-7
2000,dot_product,2.0e-7
2000,dot_product,2.0e-7
2000,dot_product,1.0e-7
2000,dot_product,1.0e-7
2000,dot_product,1.0e-7
2000,dot_product,1.0e-7
2000,dot_product,1.0e-7
2000,dot_product,2.0e-7
2000,dot_product,1.0e-7
2000,matrix_vector_multiply,0.0008226
2000,matrix_vector_multiply,0.0008279
2000,matrix_vector_multiply,0.0008358
2000,matrix_vector_multiply,0.0008716
2000,matrix_vector_multiply,0.0007821
2000,matrix_vector_multiply,0.0008378
2000,matrix_vector_multiply,0.0008017
2000,matrix_vector_multiply,0.0007846
2000,matrix_vector_multiply,0.0008469
2000,matrix_vector_multiply,0.0007885
2100,dot_product,1.0e-7
2100,dot_product,1.0e-7
2100,dot_product,1.0e-7
2100,dot_product,1.0e-7
2100,dot_product,2.0e-7
2100,dot_product,2.0e-7
2100,dot_product,1.0e-7
2100,dot_product,2.0e-7
2100,dot_product,2.0e-7
2100,dot_product,2.0e-7
2100,matrix_vector_multiply,0.0009213
2100,matrix_vector_multiply,0.0008664
2100,matrix_vector_multiply,0.000902
2100,matrix_vector_multiply,0.000973
2100,matrix_vector_multiply,0.0009627
2100,matrix_vector_multiply,0.0010068
2100,matrix_vector_multiply,0.0009387
2100,matrix_vector_multiply,0.0008714
2100,matrix_vector_multiply,0.000884
2100,matrix_vector_multiply,0.0009029
2200,dot_product,2.0e-7
2200,dot_product,1.0e-7
2200,dot_product,1.0e-7
2200,dot_product,1.0e-7
2200,dot_product,2.0e-7
2200,dot_product,1.0e-7
2200,dot_product,1.0e-7
2200,dot_product,1.0e-7
2200,dot_product,1.0e-7
2200,dot_product,2.0e-7
2200,matrix_vector_multiply,0.0010671
2200,matrix_vector_multiply,0.0009925
2200,matrix_vector_multiply,0.0009616
2200,matrix_vector_multiply,0.0011326
2200,matrix_vector_multiply,0.0010422
2200,matrix_vector_multiply,0.0009631
2200,matrix_vector_multiply,0.0009423
2200,matrix_vector_multiply,0.0009562
2200,matrix_vector_multiply,0.0010732
2200,matrix_vector_multiply,0.0010914
2300,dot_product,2.0e-7
2300,dot_product,1.0e-7
2300,dot_product,2.0e-7
2300,dot_product,1.0e-7
2300,dot_product,2.0e-7
2300,dot_product,2.0e-7
2300,dot_product,1.0e-7
2300,dot_product,2.0e-7
2300,dot_product,2.0e-7
2300,dot_product,1.0e-7
2300,matrix_vector_multiply,0.0010014
2300,matrix_vector_multiply,0.0011671
2300,matrix_vector_multiply,0.0012435
2300,matrix_vector_multiply,0.0010751
2300,matrix_vector_multiply,0.0010105
2300,matrix_vector_multiply,0.0010707
2300,matrix_vector_multiply,0.0012826
2300,matrix_vector_multiply,0.0017904
2300,matrix_vector_multiply,0.0010881
2300,matrix_vector_multiply,0.0011751
2400,dot_product,1.0e-7
2400,dot_product,2.0e-7
2400,dot_product,2.0e-7
2400,dot_product,2.0e-7
2400,dot_product,1.0e-7
2400,dot_product,2.0e-7
2400,dot_product,1.0e-7
2400,dot_product,1.0e-7
2400,dot_product,2.0e-7
2400,dot_product,2.0e-7
2400,matrix_vector_multiply,0.001132
2400,matrix_vector_multiply,0.0011535
2400,matrix_vector_multiply,0.0011661
2400,matrix_vector_multiply,0.001084
2400,matrix_vector_multiply,0.001092
2400,matrix_vector_multiply,0.0010753
2400,matrix_vector_multiply,0.0011882
2400,matrix_vector_multiply,0.0010707
2400,matrix_vector_multiply,0.0011891
2400,matrix_vector_multiply,0.0012419
2500,dot_product,2.0e-7
2500,dot_product,1.0e-7
2500,dot_product,2.0e-7
2500,dot_product,1.0e-7
2500,dot_product,1.0e-7
2500,dot_product,1.0e-7
2500,dot_product,1.0e-7
2500,dot_product,1.0e-7
2500,dot_product,1.0e-7
2500,dot_product,1.0e-7
2500,matrix_vector_multiply,0.0012056
2500,matrix_vector_multiply,0.0013178
2500,matrix_vector_multiply,0.0013661
2500,matrix_vector_multiply,0.001393
2500,matrix_vector_multiply,0.0013828
2500,matrix_vector_multiply,0.0011739
2500,matrix_vector_multiply,0.0012421
2500,matrix_vector_multiply,0.0011442
2500,matrix_vector_multiply,0.0013176
2500,matrix_vector_multiply,0.0013234
2600,dot_product,2.0e-7
2600,dot_product,2.0e-7
2600,dot_product,2.0e-7
2600,dot_product,2.0e-7
2600,dot_product,2.0e-7
2600,dot_product,2.0e-7
2600,dot_product,1.0e-7
2600,dot_product,1.0e-7
2600,dot_product,2.0e-7
2600,dot_product,1.0e-7
2600,matrix_vector_multiply,0.0012764
2600,matrix_vector_multiply,0.0012773
2600,matrix_vector_multiply,0.0013762
2600,matrix_vector_multiply,0.0012627
2600,matrix_vector_multiply,0.0014627
2600,matrix_vector_multiply,0.0014632
2600,matrix_vector_multiply,0.0014141
2600,matrix_vector_multiply,0.0013124
2600,matrix_vector_multiply,0.0013441
2600,matrix_vector_multiply,0.0012762
2700,dot_product,2.0e-7
2700,dot_product,2.0e-7
2700,dot_product,2.0e-7
2700,dot_product,2.0e-7
2700,dot_product,1.0e-7
2700,dot_product,2.0e-7
2700,dot_product,2.0e-7
2700,dot_product,2.0e-7
2700,dot_product,2.0e-7
2700,dot_product,1.0e-7
2700,matrix_vector_multiply,0.0013126
2700,matrix_vector_multiply,0.0013968
2700,matrix_vector_multiply,0.0013602
2700,matrix_vector_multiply,0.0015479
2700,matrix_vector_multiply,0.0016297
2700,matrix_vector_multiply,0.0013808
2700,matrix_vector_multiply,0.0014863
2700,matrix_vector_multiply,0.0013679
2700,matrix_vector_multiply,0.0013547
2700,matrix_vector_multiply,0.001412
2800,dot_product,2.0e-7
2800,dot_product,2.0e-7
2800,dot_product,2.0e-7
2800,dot_product,1.0e-7
2800,dot_product,2.0e-7
2800,dot_product,2.0e-7
2800,dot_product,2.0e-7
2800,dot_product,2.0e-7
2800,dot_product,2.0e-7
2800,dot_product,2.0e-7
2800,matrix_vector_multiply,0.0014963
2800,matrix_vector_multiply,0.0017345
2800,matrix_vector_multiply,0.0017105
2800,matrix_vector_multiply,0.0015564
2800,matrix_vector_multiply,0.0015933
2800,matrix_vector_multiply,0.001477
2800,matrix_vector_multiply,0.0015863
2800,matrix_vector_multiply,0.0014648
2800,matrix_vector_multiply,0.0016261
2800,matrix_vector_multiply,0.0017204
2900,dot_product,3.0e-7
2900,dot_product,2.0e-7
2900,dot_product,2.0e-7
2900,dot_product,2.0e-7
2900,dot_product,2.0e-7
2900,dot_product,2.0e-7
2900,dot_product,2.0e-7
2900,dot_product,1.0e-7
2900,dot_product,1.0e-7
2900,dot_product,2.0e-7
2900,matrix_vector_multiply,0.0017447
2900,matrix_vector_multiply,0.0017121
2900,matrix_vector_multiply,0.0017408
2900,matrix_vector_multiply,0.0015714
2900,matrix_vector_multiply,0.001711
2900,matrix_vector_multiply,0.0015673
2900,matrix_vector_multiply,0.0018025
2900,matrix_vector_multiply,0.0015796
2900,matrix_vector_multiply,0.0016167
2900,matrix_vector_multiply,0.0018818
3000,dot_product,4.0e-7
3000,dot_product,2.0e-7
3000,dot_product,2.0e-7
3000,dot_product,2.0e-7
3000,dot_product,2.0e-7
3000,dot_product,3.0e-7
3000,dot_product,1.3e-6
3000,dot_product,2.0e-7
3000,dot_product,2.0e-7
3000,dot_product,3.0e-7
3000,matrix_vector_multiply,0.0018173
3000,matrix_vector_multiply,0.0017723
3000,matrix_vector_multiply,0.0016768
3000,matrix_vector_multiply,0.0016821
3000,matrix_vector_multiply,0.001685
3000,matrix_vector_multiply,0.0018396
3000,matrix_vector_multiply,0.0018244
3000,matrix_vector_multiply,0.0017757
3000,matrix_vector_multiply,0.0019897
3000,matrix_vector_multiply,0.0017548
3100,dot_product,3.0e-7
3100,dot_product,2.0e-7
3100,dot_product,3.0e-7
3100,dot_product,2.0e-7
3100,dot_product,2.0e-7
3100,dot_product,2.0e-7
3100,dot_product,2.0e-7
3100,dot_product,3.0e-7
3100,dot_product,3.0e-7
3100,dot_product,2.0e-7
3100,matrix_vector_multiply,0.0023007
3100,matrix_vector_multiply,0.0020672
3100,matrix_vector_multiply,0.0018107
3100,matrix_vector_multiply,0.0020987
3100,matrix_vector_multiply,0.0018068
3100,matrix_vector_multiply,0.0019262
3100,matrix_vector_multiply,0.0019479
3100,matrix_vector_multiply,0.0018578
3100,matrix_vector_multiply,0.0018548
3100,matrix_vector_multiply,0.0019612
3200,dot_product,2.0e-7
3200,dot_product,3.0e-7
3200,dot_product,3.0e-7
3200,dot_product,2.0e-7
3200,dot_product,3.0e-7
3200,dot_product,2.0e-7
3200,dot_product,3.0e-7
3200,dot_product,3.0e-7
3200,dot_product,2.0e-7
3200,dot_product,3.0e-7
3200,matrix_vector_multiply,0.0019931
3200,matrix_vector_multiply,0.0018031
3200,matrix_vector_multiply,0.0019962
3200,matrix_vector_multiply,0.00188
3200,matrix_vector_multiply,0.0017965
3200,matrix_vector_multiply,0.0020681
3200,matrix_vector_multiply,0.0017927
3200,matrix_vector_multiply,0.0019663
3200,matrix_vector_multiply,0.0018896
3200,matrix_vector_multiply,0.0018392
3300,dot_product,3.0e-7
3300,dot_product,3.0e-7
3300,dot_product,3.0e-7
3300,dot_product,3.0e-7
3300,dot_product,2.0e-7
3300,dot_product,3.0e-7
3300,dot_product,3.0e-7
3300,dot_product,3.0e-7
3300,dot_product,3.0e-7
3300,dot_product,3.0e-7
3300,matrix_vector_multiply,0.0021646
3300,matrix_vector_multiply,0.0020102
3300,matrix_vector_multiply,0.002179
3300,matrix_vector_multiply,0.0021915
3300,matrix_vector_multiply,0.0020194
3300,matrix_vector_multiply,0.0020119
3300,matrix_vector_multiply,0.002006
3300,matrix_vector_multiply,0.0020108
3300,matrix_vector_multiply,0.0019632
3300,matrix_vector_multiply,0.0021242
3400,dot_product,5.0e-7
3400,dot_product,5.0e-7
3400,dot_product,5.0e-7
3400,dot_product,3.0e-7
3400,dot_product,3.0e-7
3400,dot_product,2.0e-7
3400,dot_product,3.0e-7
3400,dot_product,3.0e-7
3400,dot_product,3.0e-7
3400,dot_product,5.0e-7
3400,matrix_vector_multiply,0.0023359
3400,matrix_vector_multiply,0.0024388
3400,matrix_vector_multiply,0.0020457
3400,matrix_vector_multiply,0.0021325
3400,matrix_vector_multiply,0.0022518
3400,matrix_vector_multiply,0.0022337
3400,matrix_vector_multiply,0.0021429
3400,matrix_vector_multiply,0.0021831
3400,matrix_vector_multiply,0.0021162
3400,matrix_vector_multiply,0.0020828
3500,dot_product,4.0e-7
3500,dot_product,4.0e-7
3500,dot_product,3.0e-7
3500,dot_product,3.0e-7
3500,dot_product,3.0e-7
3500,dot_product,3.0e-7
3500,dot_product,4.0e-7
3500,dot_product,3.0e-7
3500,dot_product,3.0e-7
3500,dot_product,4.0e-7
3500,matrix_vector_multiply,0.0022612
3500,matrix_vector_multiply,0.0024795
3500,matrix_vector_multiply,0.0023235
3500,matrix_vector_multiply,0.0023421
3500,matrix_vector_multiply,0.0022665
3500,matrix_vector_multiply,0.0022523
3500,matrix_vector_multiply,0.0023529
3500,matrix_vector_multiply,0.0022426
3500,matrix_vector_multiply,0.0022528
3500,matrix_vector_multiply,0.0025202
3600,dot_product,5.0e-7
3600,dot_product,4.0e-7
3600,dot_product,4.0e-7
3600,dot_product,3.0e-7
3600,dot_product,3.0e-7
3600,dot_product,3.0e-7
3600,dot_product,3.0e-7
3600,dot_product,4.0e-7
3600,dot_product,3.0e-7
3600,dot_product,5.0e-7
3600,matrix_vector_multiply,0.0024284
3600,matrix_vector_multiply,0.0026996
3600,matrix_vector_multiply,0.0027333
3600,matrix_vector_multiply,0.0023582
3600,matrix_vector_multiply,0.0024076
3600,matrix_vector_multiply,0.0023345
3600,matrix_vector_multiply,0.0025955
3600,matrix_vector_multiply,0.0027306
3600,matrix_vector_multiply,0.0025526
3600,matrix_vector_multiply,0.0025384
3700,dot_product,5.0e-7
3700,dot_product,4.0e-7
3700,dot_product,3.0e-7
3700,dot_product,3.0e-7
3700,dot_product,4.0e-7
3700,dot_product,3.0e-7
3700,dot_product,3.0e-7
3700,dot_product,4.0e-7
3700,dot_product,3.0e-7
3700,dot_product,5.0e-7
3700,matrix_vector_multiply,0.0024488
3700,matrix_vector_multiply,0.0026523
3700,matrix_vector_multiply,0.0025233
3700,matrix_vector_multiply,0.0025284
3700,matrix_vector_multiply,0.0064992
3700,matrix_vector_multiply,0.0025581
3700,matrix_vector_multiply,0.0024318
3700,matrix_vector_multiply,0.0025382
3700,matrix_vector_multiply,0.0025094
3700,matrix_vector_multiply,0.0026521
3800,dot_product,4.0e-7
3800,dot_product,4.0e-7
3800,dot_product,4.0e-7
3800,dot_product,4.0e-7
3800,dot_product,4.0e-7
3800,dot_product,4.0e-7
3800,dot_product,3.0e-7
3800,dot_product,4.0e-7
3800,dot_product,4.0e-7
3800,dot_product,4.0e-7
3800,matrix_vector_multiply,0.0029202
3800,matrix_vector_multiply,0.0029307
3800,matrix_vector_multiply,0.0027567
3800,matrix_vector_multiply,0.0026137
3800,matrix_vector_multiply,0.0028493
3800,matrix_vector_multiply,0.0026873
3800,matrix_vector_multiply,0.0027891
3800,matrix_vector_multiply,0.0028919
3800,matrix_vector_multiply,0.0029253
3800,matrix_vector_multiply,0.0026814
3900,dot_product,5.0e-7
3900,dot_product,4.0e-7
3900,dot_product,4.0e-7
3900,dot_product,4.0e-7
3900,dot_product,4.0e-7
3900,dot_product,4.0e-7
3900,dot_product,4.0e-7
3900,dot_product,4.0e-7
3900,dot_product,4.0e-7
3900,dot_product,4.0e-7
3900,matrix_vector_multiply,0.0031427
3900,matrix_vector_multiply,0.0027321
3900,matrix_vector_multiply,0.0030088
3900,matrix_vector_multiply,0.0027381
3900,matrix_vector_multiply,0.0031105
3900,matrix_vector_multiply,0.003114
3900,matrix_vector_multiply,0.0030167
3900,matrix_vector_multiply,0.0029804
3900,matrix_vector_multiply,0.0027468
3900,matrix_vector_multiply,0.0026327
4000,dot_product,8.0e-7
4000,dot_product,6.0e-7
4000,dot_product,5.0e-7
4000,dot_product,6.0e-7
4000,dot_product,6.0e-7
4000,dot_product,5.0e-7
4000,dot_product,6.0e-7
4000,dot_product,5.0e-7
4000,dot_product,6.0e-7
4000,dot_product,7.0e-7
4000,matrix_vector_multiply,0.0028148
4000,matrix_vector_multiply,0.002812
4000,matrix_vector_multiply,0.0028531
4000,matrix_vector_multiply,0.0028492
4000,matrix_vector_multiply,0.0029889
4000,matrix_vector_multiply,0.0029746
4000,matrix_vector_multiply,0.0027678
4000,matrix_vector_multiply,0.0032292
4000,matrix_vector_multiply,0.0031174
4000,matrix_vector_multiply,0.0030959
4100,dot_product,6.0e-7
4100,dot_product,6.0e-7
4100,dot_product,4.0e-7
4100,dot_product,4.0e-7
4100,dot_product,4.0e-7
4100,dot_product,5.0e-7
4100,dot_product,5.0e-7
4100,dot_product,4.0e-7
4100,dot_product,5.0e-7
4100,dot_product,5.0e-7
4100,matrix_vector_multiply,0.0033711
4100,matrix_vector_multiply,0.0030252
4100,matrix_vector_multiply,0.003459
4100,matrix_vector_multiply,0.0030553
4100,matrix_vector_multiply,0.0032317
4100,matrix_vector_multiply,0.0030869
4100,matrix_vector_multiply,0.0047348
4100,matrix_vector_multiply,0.0031017
4100,matrix_vector_multiply,0.0031999
4100,matrix_vector_multiply,0.003286
4200,dot_product,6.0e-7
4200,dot_product,5.0e-7
4200,dot_product,5.0e-7
4200,dot_product,5.0e-7
4200,dot_product,5.0e-7
4200,dot_product,5.0e-7
4200,dot_product,4.0e-7
4200,dot_product,5.0e-7
4200,dot_product,6.0e-7
4200,dot_product,5.0e-7
4200,matrix_vector_multiply,0.0033121
4200,matrix_vector_multiply,0.0032614
4200,matrix_vector_multiply,0.0036954
4200,matrix_vector_multiply,0.0031527
4200,matrix_vector_multiply,0.0032115
4200,matrix_vector_multiply,0.0033131
4200,matrix_vector_multiply,0.0031544
4200,matrix_vector_multiply,0.0032127
4200,matrix_vector_multiply,0.0037768
4200,matrix_vector_multiply,0.0031651
4300,dot_product,5.0e-7
4300,dot_product,5.0e-7
4300,dot_product,5.0e-7
4300,dot_product,5.0e-7
4300,dot_product,2.4e-6
4300,dot_product,5.0e-7
4300,dot_product,5.0e-7
4300,dot_product,5.0e-7
4300,dot_product,5.0e-7
4300,dot_product,5.0e-7
4300,matrix_vector_multiply,0.0034529
4300,matrix_vector_multiply,0.0034582
4300,matrix_vector_multiply,0.0033272
4300,matrix_vector_multiply,0.0033418
4300,matrix_vector_multiply,0.0036832
4300,matrix_vector_multiply,0.0034858
4300,matrix_vector_multiply,0.0034425
4300,matrix_vector_multiply,0.0033972
4300,matrix_vector_multiply,0.0039182
4300,matrix_vector_multiply,0.0035751
4400,dot_product,6.0e-7
4400,dot_product,6.0e-7
4400,dot_product,5.0e-7
4400,dot_product,5.0e-7
4400,dot_product,5.0e-7
4400,dot_product,6.0e-7
4400,dot_product,5.0e-7
4400,dot_product,5.0e-7
4400,dot_product,5.0e-7
4400,dot_product,6.0e-7
4400,matrix_vector_multiply,0.0034051
4400,matrix_vector_multiply,0.0038248
4400,matrix_vector_multiply,0.0035461
4400,matrix_vector_multiply,0.0036114
4400,matrix_vector_multiply,0.0038458
4400,matrix_vector_multiply,0.0036593
4400,matrix_vector_multiply,0.0034476
4400,matrix_vector_multiply,0.0035299
4400,matrix_vector_multiply,0.0037006
4400,matrix_vector_multiply,0.0035183
4500,dot_product,6.0e-7
4500,dot_product,5.0e-7
4500,dot_product,5.0e-7
4500,dot_product,6.0e-7
4500,dot_product,6.0e-7
4500,dot_product,6.0e-7
4500,dot_product,5.0e-7
4500,dot_product,5.0e-7
4500,dot_product,5.0e-7
4500,dot_product,6.0e-7
4500,matrix_vector_multiply,0.0035717
4500,matrix_vector_multiply,0.0040281
4500,matrix_vector_multiply,0.0036765
4500,matrix_vector_multiply,0.0035818
4500,matrix_vector_multiply,0.0038799
4500,matrix_vector_multiply,0.0038832
4500,matrix_vector_multiply,0.0037679
4500,matrix_vector_multiply,0.0037229
4500,matrix_vector_multiply,0.0038568
4500,matrix_vector_multiply,0.0038704
4600,dot_product,6.0e-7
4600,dot_product,7.0e-7
4600,dot_product,7.0e-7
4600,dot_product,6.0e-7
4600,dot_product,6.0e-7
4600,dot_product,5.0e-7
4600,dot_product,6.0e-7
4600,dot_product,6.0e-7
4600,dot_product,6.0e-7
4600,dot_product,6.0e-7
4600,matrix_vector_multiply,0.0039089
4600,matrix_vector_multiply,0.0037059
4600,matrix_vector_multiply,0.0039486
4600,matrix_vector_multiply,0.0040315
4600,matrix_vector_multiply,0.0042635
4600,matrix_vector_multiply,0.0036142
4600,matrix_vector_multiply,0.003949
4600,matrix_vector_multiply,0.0039718
4600,matrix_vector_multiply,0.0038419
4600,matrix_vector_multiply,0.0040827
4700,dot_product,7.0e-7
4700,dot_product,6.0e-7
4700,dot_product,6.0e-7
4700,dot_product,6.0e-7
4700,dot_product,5.0e-7
4700,dot_product,6.0e-7
4700,dot_product,5.0e-7
4700,dot_product,6.0e-7
4700,dot_product,6.0e-7
4700,dot_product,6.0e-7
4700,matrix_vector_multiply,0.0038508
4700,matrix_vector_multiply,0.0039449
4700,matrix_vector_multiply,0.0039491
4700,matrix_vector_multiply,0.0041713
4700,matrix_vector_multiply,0.0038254
4700,matrix_vector_multiply,0.004057
4700,matrix_vector_multiply,0.0043727
4700,matrix_vector_multiply,0.0045824
4700,matrix_vector_multiply,0.004204
4700,matrix_vector_multiply,0.0041799
4800,dot_product,7.0e-7
4800,dot_product,7.0e-7
4800,dot_product,6.0e-7
4800,dot_product,5.0e-7
4800,dot_product,5.0e-7
4800,dot_product,6.0e-7
4800,dot_product,5.0e-7
4800,dot_product,6.0e-7
4800,dot_product,6.0e-7
4800,dot_product,6.0e-7
4800,matrix_vector_multiply,0.0043055
4800,matrix_vector_multiply,0.0043944
4800,matrix_vector_multiply,0.0043309
4800,matrix_vector_multiply,0.0042325
4800,matrix_vector_multiply,0.0039162
4800,matrix_vector_multiply,0.0046052
4800,matrix_vector_multiply,0.003937
4800,matrix_vector_multiply,0.0040304
4800,matrix_vector_multiply,0.0041795
4800,matrix_vector_multiply,0.0043383
4900,dot_product,7.0e-7
4900,dot_product,7.0e-7
4900,dot_product,6.0e-7
4900,dot_product,6.0e-7
4900,dot_product,6.0e-7
4900,dot_product,6.0e-7
4900,dot_product,6.0e-7
4900,dot_product,6.0e-7
4900,dot_product,6.0e-7
4900,dot_product,6.0e-7
4900,matrix_vector_multiply,0.004139
4900,matrix_vector_multiply,0.0043865
4900,matrix_vector_multiply,0.0041524
4900,matrix_vector_multiply,0.0045457
4900,matrix_vector_multiply,0.0043991
4900,matrix_vector_multiply,0.0043448
4900,matrix_vector_multiply,0.0044481
4900,matrix_vector_multiply,0.0043931
4900,matrix_vector_multiply,0.004388
4900,matrix_vector_multiply,0.0039967
5000,dot_product,7.0e-7
5000,dot_product,7.0e-7
5000,dot_product,7.0e-7
5000,dot_product,6.0e-7
5000,dot_product,6.0e-7
5000,dot_product,6.0e-7
5000,dot_product,6.0e-7
5000,dot_product,6.0e-7
5000,dot_product,7.0e-7
5000,dot_product,7.0e-7
5000,matrix_vector_multiply,0.0047061
5000,matrix_vector_multiply,0.0043666
5000,matrix_vector_multiply,0.0042527
5000,matrix_vector_multiply,0.0043635
5000,matrix_vector_multiply,0.0044092
5000,matrix_vector_multiply,0.0045699
5000,matrix_vector_multiply,0.0045074
5000,matrix_vector_multiply,0.0044691
5000,matrix_vector_multiply,0.0046804
5000,matrix_vector_multiply,0.0045966
5100,dot_product,8.0e-7
5100,dot_product,7.0e-7
5100,dot_product,8.0e-7
5100,dot_product,6.0e-7
5100,dot_product,6.0e-7
5100,dot_product,7.0e-7
5100,dot_product,7.0e-7
5100,dot_product,6.0e-7
5100,dot_product,6.0e-7
5100,dot_product,6.0e-7
5100,matrix_vector_multiply,0.0044622
5100,matrix_vector_multiply,0.0044255
5100,matrix_vector_multiply,0.004502
5100,matrix_vector_multiply,0.0044075
5100,matrix_vector_multiply,0.0045653
5100,matrix_vector_multiply,0.0045014
5100,matrix_vector_multiply,0.0046408
5100,matrix_vector_multiply,0.004534
5100,matrix_vector_multiply,0.0045257
5100,matrix_vector_multiply,0.004576
5200,dot_product,7.0e-7
5200,dot_product,7.0e-7
5200,dot_product,7.0e-7
5200,dot_product,6.0e-7
5200,dot_product,6.0e-7
5200,dot_product,6.0e-7
5200,dot_product,7.0e-7
5200,dot_product,7.0e-7
5200,dot_product,7.0e-7
5200,dot_product,7.0e-7
5200,matrix_vector_multiply,0.0048952
5200,matrix_vector_multiply,0.0046694
5200,matrix_vector_multiply,0.0055368
5200,matrix_vector_multiply,0.0048397
5200,matrix_vector_multiply,0.0047972
5200,matrix_vector_multiply,0.0047303
5200,matrix_vector_multiply,0.0048231
5200,matrix_vector_multiply,0.0050461
5200,matrix_vector_multiply,0.0113892
5200,matrix_vector_multiply,0.0049426
5300,dot_product,7.0e-7
5300,dot_product,7.0e-7
5300,dot_product,7.0e-7
5300,dot_product,6.0e-7
5300,dot_product,7.0e-7
5300,dot_product,7.0e-7
5300,dot_product,7.0e-7
5300,dot_product,6.0e-7
5300,dot_product,7.0e-7
5300,dot_product,6.0e-7
5300,matrix_vector_multiply,0.0052505
5300,matrix_vector_multiply,0.0049624
5300,matrix_vector_multiply,0.0049756
5300,matrix_vector_multiply,0.0050531
5300,matrix_vector_multiply,0.0053369
5300,matrix_vector_multiply,0.0051559
5300,matrix_vector_multiply,0.0053788
5300,matrix_vector_multiply,0.0050114
5300,matrix_vector_multiply,0.0054886
5300,matrix_vector_multiply,0.0052008
5400,dot_product,8.0e-7
5400,dot_product,7.0e-7
5400,dot_product,7.0e-7
5400,dot_product,7.0e-7
5400,dot_product,8.0e-7
5400,dot_product,8.0e-7
5400,dot_product,7.0e-7
5400,dot_product,8.0e-7
5400,dot_product,7.0e-7
5400,dot_product,7.0e-7
5400,matrix_vector_multiply,0.0054603
5400,matrix_vector_multiply,0.0053013
5400,matrix_vector_multiply,0.0055568
5400,matrix_vector_multiply,0.0054596
5400,matrix_vector_multiply,0.0054293
5400,matrix_vector_multiply,0.0053062
5400,matrix_vector_multiply,0.0053001
5400,matrix_vector_multiply,0.0051278
5400,matrix_vector_multiply,0.0051691
5400,matrix_vector_multiply,0.0053204
5500,dot_product,7.0e-7
5500,dot_product,7.0e-7
5500,dot_product,7.0e-7
5500,dot_product,7.0e-7
5500,dot_product,7.0e-7
5500,dot_product,7.0e-7
5500,dot_product,7.0e-7
5500,dot_product,8.0e-7
5500,dot_product,7.0e-7
5500,dot_product,7.0e-7
5500,matrix_vector_multiply,0.0067627
5500,matrix_vector_multiply,0.0053541
5500,matrix_vector_multiply,0.0056094
5500,matrix_vector_multiply,0.0053421
5500,matrix_vector_multiply,0.0054694
5500,matrix_vector_multiply,0.0053345
5500,matrix_vector_multiply,0.0052843
5500,matrix_vector_multiply,0.0051882
5500,matrix_vector_multiply,0.0057595
5500,matrix_vector_multiply,0.0057841
5600,dot_product,9.0e-7
5600,dot_product,9.0e-7
5600,dot_product,8.0e-7
5600,dot_product,8.0e-7
5600,dot_product,7.0e-7
5600,dot_product,7.0e-7
5600,dot_product,8.0e-7
5600,dot_product,8.0e-7
5600,dot_product,8.0e-7
5600,dot_product,7.0e-7
5600,matrix_vector_multiply,0.0054091
5600,matrix_vector_multiply,0.0055183
5600,matrix_vector_multiply,0.0061908
5600,matrix_vector_multiply,0.0054208
5600,matrix_vector_multiply,0.0055481
5600,matrix_vector_multiply,0.0055403
5600,matrix_vector_multiply,0.0056368
5600,matrix_vector_multiply,0.0053406
5600,matrix_vector_multiply,0.0056435
5600,matrix_vector_multiply,0.0058273
5700,dot_product,9.0e-7
5700,dot_product,7.0e-7
5700,dot_product,7.0e-7
5700,dot_product,7.0e-7
5700,dot_product,8.0e-7
5700,dot_product,7.0e-7
5700,dot_product,8.0e-7
5700,dot_product,7.0e-7
5700,dot_product,7.0e-7
5700,dot_product,8.0e-7
5700,matrix_vector_multiply,0.0057657
5700,matrix_vector_multiply,0.0064823
5700,matrix_vector_multiply,0.005781
5700,matrix_vector_multiply,0.0055926
5700,matrix_vector_multiply,0.0059166
5700,matrix_vector_multiply,0.0057498
5700,matrix_vector_multiply,0.0056237
5700,matrix_vector_multiply,0.0060063
5700,matrix_vector_multiply,0.0057404
5700,matrix_vector_multiply,0.0059753
5800,dot_product,8.0e-7
5800,dot_product,8.0e-7
5800,dot_product,8.0e-7
5800,dot_product,8.0e-7
5800,dot_product,8.0e-7
5800,dot_product,3.8e-6
5800,dot_product,8.0e-7
5800,dot_product,7.0e-7
5800,dot_product,8.0e-7
5800,dot_product,7.0e-7
5800,matrix_vector_multiply,0.0065635
5800,matrix_vector_multiply,0.0060345
5800,matrix_vector_multiply,0.0062626
5800,matrix_vector_multiply,0.006028
5800,matrix_vector_multiply,0.0060575
5800,matrix_vector_multiply,0.0065088
5800,matrix_vector_multiply,0.0063067
5800,matrix_vector_multiply,0.0060012
5800,matrix_vector_multiply,0.0058574
5800,matrix_vector_multiply,0.0057828
5900,dot_product,8.0e-7
5900,dot_product,8.0e-7
5900,dot_product,7.0e-7
5900,dot_product,8.0e-7
5900,dot_product,8.0e-7
5900,dot_product,8.0e-7
5900,dot_product,8.0e-7
5900,dot_product,8.0e-7
5900,dot_product,8.0e-7
5900,dot_product,8.0e-7
5900,matrix_vector_multiply,0.0059288
5900,matrix_vector_multiply,0.0063658
5900,matrix_vector_multiply,0.0065816
5900,matrix_vector_multiply,0.0062799
5900,matrix_vector_multiply,0.0061031
5900,matrix_vector_multiply,0.0060646
5900,matrix_vector_multiply,0.0061993
5900,matrix_vector_multiply,0.0061872
5900,matrix_vector_multiply,0.0062309
5900,matrix_vector_multiply,0.0062456
6000,dot_product,9.0e-7
6000,dot_product,7.0e-7
6000,dot_product,8.0e-7
6000,dot_product,8.0e-7
6000,dot_product,8.0e-7
6000,dot_product,8.0e-7
6000,dot_product,8.0e-7
6000,dot_product,8.0e-7
6000,dot_product,7.0e-7
6000,dot_product,8.0e-7
6000,matrix_vector_multiply,0.0067328
6000,matrix_vector_multiply,0.006424
6000,matrix_vector_multiply,0.0062937
6000,matrix_vector_multiply,0.0070791
6000,matrix_vector_multiply,0.0064086
6000,matrix_vector_multiply,0.0065425
6000,matrix_vector_multiply,0.0067601
6000,matrix_vector_multiply,0.0068693
6000,matrix_vector_multiply,0.0065084
6000,matrix_vector_multiply,0.0066018
6100,dot_product,8.0e-7
6100,dot_product,8.0e-7
6100,dot_product,8.0e-7
6100,dot_product,8.0e-7
6100,dot_product,8.0e-7
6100,dot_product,8.0e-7
6100,dot_product,8.0e-7
6100,dot_product,8.0e-7
6100,dot_product,8.0e-7
6100,dot_product,9.0e-7
6100,matrix_vector_multiply,0.0065747
6100,matrix_vector_multiply,0.0068365
6100,matrix_vector_multiply,0.0064963
6100,matrix_vector_multiply,0.0069667
6100,matrix_vector_multiply,0.0064959
6100,matrix_vector_multiply,0.0066196
6100,matrix_vector_multiply,0.0068871
6100,matrix_vector_multiply,0.0064891
6100,matrix_vector_multiply,0.006695
6100,matrix_vector_multiply,0.0065026
6200,dot_product,1.0e-6
6200,dot_product,1.0e-6
6200,dot_product,8.0e-7
6200,dot_product,8.0e-7
6200,dot_product,8.0e-7
6200,dot_product,8.0e-7
6200,dot_product,8.0e-7
6200,dot_product,8.0e-7
6200,dot_product,8.0e-7
6200,dot_product,9.0e-7
6200,matrix_vector_multiply,0.0070136
6200,matrix_vector_multiply,0.0068753
6200,matrix_vector_multiply,0.0069062
6200,matrix_vector_multiply,0.0074383
6200,matrix_vector_multiply,0.0068068
6200,matrix_vector_multiply,0.0074759
6200,matrix_vector_multiply,0.0066807
6200,matrix_vector_multiply,0.006673
6200,matrix_vector_multiply,0.0066691
6200,matrix_vector_multiply,0.0072366
6300,dot_product,1.0e-6
6300,dot_product,9.0e-7
6300,dot_product,8.0e-7
6300,dot_product,8.0e-7
6300,dot_product,8.0e-7
6300,dot_product,8.0e-7
6300,dot_product,8.0e-7
6300,dot_product,8.0e-7
6300,dot_product,1.0e-6
6300,dot_product,8.0e-7
6300,matrix_vector_multiply,0.0068915
6300,matrix_vector_multiply,0.0072916
6300,matrix_vector_multiply,0.0069933
6300,matrix_vector_multiply,0.0074838
6300,matrix_vector_multiply,0.0069422
6300,matrix_vector_multiply,0.0074765
6300,matrix_vector_multiply,0.0070123
6300,matrix_vector_multiply,0.0068934
6300,matrix_vector_multiply,0.0067352
6300,matrix_vector_multiply,0.0074156
6400,dot_product,1.0e-6
6400,dot_product,8.0e-7
6400,dot_product,8.0e-7
6400,dot_product,8.0e-7
6400,dot_product,8.0e-7
6400,dot_product,8.0e-7
6400,dot_product,8.0e-7
6400,dot_product,9.0e-7
6400,dot_product,9.0e-7
6400,dot_product,9.0e-7
6400,matrix_vector_multiply,0.0071341
6400,matrix_vector_multiply,0.0070606
6400,matrix_vector_multiply,0.0071426
6400,matrix_vector_multiply,0.0073294
6400,matrix_vector_multiply,0.0075231
6400,matrix_vector_multiply,0.0073919
6400,matrix_vector_multiply,0.0076791
6400,matrix_vector_multiply,0.0072389
6400,matrix_vector_multiply,0.0070243
6400,matrix_vector_multiply,0.0074407
6500,dot_product,9.0e-7
6500,dot_product,8.0e-7
6500,dot_product,9.0e-7
6500,dot_product,9.0e-7
6500,dot_product,8.0e-7
6500,dot_product,9.0e-7
6500,dot_product,9.0e-7
6500,dot_product,9.0e-7
6500,dot_product,1.0e-6
6500,dot_product,8.0e-7
6500,matrix_vector_multiply,0.0072936
6500,matrix_vector_multiply,0.0072121
6500,matrix_vector_multiply,0.0078438
6500,matrix_vector_multiply,0.0076463
6500,matrix_vector_multiply,0.0075397
6500,matrix_vector_multiply,0.0076078
6500,matrix_vector_multiply,0.0075948
6500,matrix_vector_multiply,0.0072131
6500,matrix_vector_multiply,0.007195
6500,matrix_vector_multiply,0.0075361
6600,dot_product,9.0e-7
6600,dot_product,8.0e-7
6600,dot_product,8.0e-7
6600,dot_product,8.0e-7
6600,dot_product,8.0e-7
6600,dot_product,9.0e-7
6600,dot_product,8.0e-7
6600,dot_product,9.0e-7
6600,dot_product,9.0e-7
6600,dot_product,8.0e-7
6600,matrix_vector_multiply,0.0076311
6600,matrix_vector_multiply,0.008148
6600,matrix_vector_multiply,0.0076435
6600,matrix_vector_multiply,0.0082415
6600,matrix_vector_multiply,0.0074817
6600,matrix_vector_multiply,0.0074608
6600,matrix_vector_multiply,0.0080554
6600,matrix_vector_multiply,0.0081505
6600,matrix_vector_multiply,0.0075608
6600,matrix_vector_multiply,0.0074298
6700,dot_product,9.0e-7
6700,dot_product,9.0e-7
6700,dot_product,8.0e-7
6700,dot_product,9.0e-7
6700,dot_product,8.0e-7
6700,dot_product,9.0e-7
6700,dot_product,9.0e-7
6700,dot_product,9.0e-7
6700,dot_product,1.0e-6
6700,dot_product,7.0e-7
6700,matrix_vector_multiply,0.0084889
6700,matrix_vector_multiply,0.0079976
6700,matrix_vector_multiply,0.0083119
6700,matrix_vector_multiply,0.0125915
6700,matrix_vector_multiply,0.008114
6700,matrix_vector_multiply,0.008354
6700,matrix_vector_multiply,0.0080085
6700,matrix_vector_multiply,0.0080484
6700,matrix_vector_multiply,0.0081025
6700,matrix_vector_multiply,0.0084161
6800,dot_product,1.0e-6
6800,dot_product,8.0e-7
6800,dot_product,8.0e-7
6800,dot_product,9.0e-7
6800,dot_product,9.0e-7
6800,dot_product,1.0e-6
6800,dot_product,9.0e-7
6800,dot_product,9.0e-7
6800,dot_product,9.0e-7
6800,dot_product,1.0e-6
6800,matrix_vector_multiply,0.0081017
6800,matrix_vector_multiply,0.009039
6800,matrix_vector_multiply,0.0079933
6800,matrix_vector_multiply,0.0080503
6800,matrix_vector_multiply,0.0080892
6800,matrix_vector_multiply,0.0083809
6800,matrix_vector_multiply,0.008298
6800,matrix_vector_multiply,0.0085519
6800,matrix_vector_multiply,0.0087708
6800,matrix_vector_multiply,0.0084704
6900,dot_product,1.1e-6
6900,dot_product,1.0e-6
6900,dot_product,8.0e-7
6900,dot_product,8.0e-7
6900,dot_product,1.0e-6
6900,dot_product,8.0e-7
6900,dot_product,9.0e-7
6900,dot_product,9.0e-7
6900,dot_product,9.0e-7
6900,dot_product,1.0e-6
6900,matrix_vector_multiply,0.0081642
6900,matrix_vector_multiply,0.0088589
6900,matrix_vector_multiply,0.0083612
6900,matrix_vector_multiply,0.0082193
6900,matrix_vector_multiply,0.0093413
6900,matrix_vector_multiply,0.0088788
6900,matrix_vector_multiply,0.0089978
6900,matrix_vector_multiply,0.0080395
6900,matrix_vector_multiply,0.0081747
6900,matrix_vector_multiply,0.0084872
7000,dot_product,1.0e-6
7000,dot_product,9.0e-7
7000,dot_product,9.0e-7
7000,dot_product,9.0e-7
7000,dot_product,8.0e-7
7000,dot_product,9.0e-7
7000,dot_product,9.0e-7
7000,dot_product,9.0e-7
7000,dot_product,9.0e-7
7000,dot_product,8.0e-7
7000,matrix_vector_multiply,0.0088125
7000,matrix_vector_multiply,0.0087441
7000,matrix_vector_multiply,0.0092927
7000,matrix_vector_multiply,0.0088072
7000,matrix_vector_multiply,0.0087357
7000,matrix_vector_multiply,0.0084742
7000,matrix_vector_multiply,0.0091734
7000,matrix_vector_multiply,0.0086551
7000,matrix_vector_multiply,0.0093634
7000,matrix_vector_multiply,0.0094003
7100,dot_product,9.0e-7
7100,dot_product,9.0e-7
7100,dot_product,9.0e-7
7100,dot_product,9.0e-7
7100,dot_product,9.0e-7
7100,dot_product,1.0e-6
7100,dot_product,9.0e-7
7100,dot_product,1.0e-6
7100,dot_product,9.0e-7
7100,dot_product,9.0e-7
7100,matrix_vector_multiply,0.009399
7100,matrix_vector_multiply,0.0090302
7100,matrix_vector_multiply,0.008939
7100,matrix_vector_multiply,0.0087416
7100,matrix_vector_multiply,0.0088193
7100,matrix_vector_multiply,0.0088092
7100,matrix_vector_multiply,0.0086476
7100,matrix_vector_multiply,0.0087921
7100,matrix_vector_multiply,0.0087086
7100,matrix_vector_multiply,0.0088797
7200,dot_product,1.1e-6
7200,dot_product,1.1e-6
7200,dot_product,1.1e-6
7200,dot_product,9.0e-7
7200,dot_product,1.0e-6
7200,dot_product,9.0e-7
7200,dot_product,9.0e-7
7200,dot_product,9.0e-7
7200,dot_product,9.0e-7
7200,dot_product,1.0e-6
7200,matrix_vector_multiply,0.0086887
7200,matrix_vector_multiply,0.0087426
7200,matrix_vector_multiply,0.0092701
7200,matrix_vector_multiply,0.0086786
7200,matrix_vector_multiply,0.0088888
7200,matrix_vector_multiply,0.0090112
7200,matrix_vector_multiply,0.0089659
7200,matrix_vector_multiply,0.0102958
7200,matrix_vector_multiply,0.0098826
7200,matrix_vector_multiply,0.0099165
7300,dot_product,8.0e-7
7300,dot_product,9.0e-7
7300,dot_product,9.0e-7
7300,dot_product,9.0e-7
7300,dot_product,9.0e-7
7300,dot_product,9.0e-7
7300,dot_product,9.0e-7
7300,dot_product,9.0e-7
7300,dot_product,1.0e-6
7300,dot_product,9.0e-7
7300,matrix_vector_multiply,0.0091878
7300,matrix_vector_multiply,0.0099322
7300,matrix_vector_multiply,0.0095203
7300,matrix_vector_multiply,0.0094812
7300,matrix_vector_multiply,0.0091734
7300,matrix_vector_multiply,0.0092488
7300,matrix_vector_multiply,0.0092814
7300,matrix_vector_multiply,0.0095327
7300,matrix_vector_multiply,0.0097237
7300,matrix_vector_multiply,0.0096375
7400,dot_product,1.3e-6
7400,dot_product,9.0e-7
7400,dot_product,9.0e-7
7400,dot_product,9.0e-7
7400,dot_product,9.0e-7
7400,dot_product,9.0e-7
7400,dot_product,9.0e-7
7400,dot_product,9.0e-7
7400,dot_product,1.1e-6
7400,dot_product,9.0e-7
7400,matrix_vector_multiply,0.0099821
7400,matrix_vector_multiply,0.009517
7400,matrix_vector_multiply,0.0093065
7400,matrix_vector_multiply,0.0095302
7400,matrix_vector_multiply,0.0091862
7400,matrix_vector_multiply,0.0093807
7400,matrix_vector_multiply,0.0099649
7400,matrix_vector_multiply,0.0095345
7400,matrix_vector_multiply,0.0094843
7400,matrix_vector_multiply,0.0094867
7500,dot_product,9.0e-7
7500,dot_product,9.0e-7
7500,dot_product,1.0e-6
7500,dot_product,9.0e-7
7500,dot_product,9.0e-7
7500,dot_product,1.0e-6
7500,dot_product,9.0e-7
7500,dot_product,1.0e-6
7500,dot_product,1.0e-6
7500,dot_product,9.0e-7
7500,matrix_vector_multiply,0.0099082
7500,matrix_vector_multiply,0.0102695
7500,matrix_vector_multiply,0.0104028
7500,matrix_vector_multiply,0.0097618
7500,matrix_vector_multiply,0.0098676
7500,matrix_vector_multiply,0.0099746
7500,matrix_vector_multiply,0.0102432
7500,matrix_vector_multiply,0.0099142
7500,matrix_vector_multiply,0.0105382
7500,matrix_vector_multiply,0.0097034
7600,dot_product,9.0e-7
7600,dot_product,1.0e-6
7600,dot_product,9.0e-7
7600,dot_product,9.0e-7
7600,dot_product,9.0e-7
7600,dot_product,9.0e-7
7600,dot_product,1.0e-6
7600,dot_product,9.0e-7
7600,dot_product,9.0e-7
7600,dot_product,9.0e-7
7600,matrix_vector_multiply,0.010485
7600,matrix_vector_multiply,0.009763
7600,matrix_vector_multiply,0.0106627
7600,matrix_vector_multiply,0.0101983
7600,matrix_vector_multiply,0.0099748
7600,matrix_vector_multiply,0.0110575
7600,matrix_vector_multiply,0.0098211
7600,matrix_vector_multiply,0.0099073
7600,matrix_vector_multiply,0.0109848
7600,matrix_vector_multiply,0.0100775
7700,dot_product,9.0e-7
7700,dot_product,9.0e-7
7700,dot_product,9.0e-7
7700,dot_product,1.0e-6
7700,dot_product,9.0e-7
7700,dot_product,9.0e-7
7700,dot_product,1.0e-6
7700,dot_product,9.0e-7
7700,dot_product,1.0e-6
7700,dot_product,9.0e-7
7700,matrix_vector_multiply,0.0114102
7700,matrix_vector_multiply,0.0102718
7700,matrix_vector_multiply,0.011082
7700,matrix_vector_multiply,0.0103832
7700,matrix_vector_multiply,0.010571
7700,matrix_vector_multiply,0.0102022
7700,matrix_vector_multiply,0.0112692
7700,matrix_vector_multiply,0.0105338
7700,matrix_vector_multiply,0.0107583
7700,matrix_vector_multiply,0.0109141
7800,dot_product,1.2e-6
7800,dot_product,9.0e-7
7800,dot_product,9.0e-7
7800,dot_product,1.0e-6
7800,dot_product,9.0e-7
7800,dot_product,9.0e-7
7800,dot_product,9.0e-7
7800,dot_product,9.0e-7
7800,dot_product,9.0e-7
7800,dot_product,1.0e-6
7800,matrix_vector_multiply,0.0111845
7800,matrix_vector_multiply,0.0111619
7800,matrix_vector_multiply,0.0105499
7800,matrix_vector_multiply,0.0107928
7800,matrix_vector_multiply,0.0109649
7800,matrix_vector_multiply,0.0107946
7800,matrix_vector_multiply,0.0108652
7800,matrix_vector_multiply,0.0111487
7800,matrix_vector_multiply,0.0103583
7800,matrix_vector_multiply,0.011649
7900,dot_product,1.0e-6
7900,dot_product,9.0e-7
7900,dot_product,1.0e-6
7900,dot_product,1.0e-6
7900,dot_product,1.0e-6
7900,dot_product,1.0e-6
7900,dot_product,9.0e-7
7900,dot_product,1.0e-6
7900,dot_product,1.0e-6
7900,dot_product,9.0e-7
7900,matrix_vector_multiply,0.0106157
7900,matrix_vector_multiply,0.0113873
7900,matrix_vector_multiply,0.0113741
7900,matrix_vector_multiply,0.0106266
7900,matrix_vector_multiply,0.0111269
7900,matrix_vector_multiply,0.0106856
7900,matrix_vector_multiply,0.0118347
7900,matrix_vector_multiply,0.0108291
7900,matrix_vector_multiply,0.0112778
7900,matrix_vector_multiply,0.0113961
8000,dot_product,1.1e-6
8000,dot_product,1.0e-6
8000,dot_product,1.0e-6
8000,dot_product,1.1e-6
8000,dot_product,1.0e-6
8000,dot_product,1.1e-6
8000,dot_product,9.0e-7
8000,dot_product,1.2e-6
8000,dot_product,1.0e-6
8000,dot_product,1.1e-6
8000,matrix_vector_multiply,0.0108636
8000,matrix_vector_multiply,0.0113607
8000,matrix_vector_multiply,0.0112458
8000,matrix_vector_multiply,0.0117936
8000,matrix_vector_multiply,0.0108838
8000,matrix_vector_multiply,0.0105577
8000,matrix_vector_multiply,0.0105138
8000,matrix_vector_multiply,0.0117766
8000,matrix_vector_multiply,0.0107345
8000,matrix_vector_multiply,0.0117391
8100,dot_product,1.1e-6
8100,dot_product,9.0e-7
8100,dot_product,9.0e-7
8100,dot_product,1.1e-6
8100,dot_product,1.0e-6
8100,dot_product,1.1e-6
8100,dot_product,1.0e-6
8100,dot_product,1.2e-6
8100,dot_product,9.0e-7
8100,dot_product,1.1e-6
8100,matrix_vector_multiply,0.0109534
8100,matrix_vector_multiply,0.0112888
8100,matrix_vector_multiply,0.0119549
8100,matrix_vector_multiply,0.0117845
8100,matrix_vector_multiply,0.011524
8100,matrix_vector_multiply,0.0118795
8100,matrix_vector_multiply,0.0118539
8100,matrix_vector_multiply,0.0112663
8100,matrix_vector_multiply,0.0115346
8100,matrix_vector_multiply,0.0117595
8200,dot_product,9.0e-7
8200,dot_product,1.0e-6
8200,dot_product,9.0e-7
8200,dot_product,1.1e-6
8200,dot_product,1.0e-6
8200,dot_product,1.1e-6
8200,dot_product,1.1e-6
8200,dot_product,1.0e-6
8200,dot_product,1.0e-6
8200,dot_product,1.1e-6
8200,matrix_vector_multiply,0.0123976
8200,matrix_vector_multiply,0.0127224
8200,matrix_vector_multiply,0.0120317
8200,matrix_vector_multiply,0.0122576
8200,matrix_vector_multiply,0.0116584
8200,matrix_vector_multiply,0.0114239
8200,matrix_vector_multiply,0.0114617
8200,matrix_vector_multiply,0.0117339
8200,matrix_vector_multiply,0.0114707
8200,matrix_vector_multiply,0.0115466
8300,dot_product,1.1e-6
8300,dot_product,1.2e-6
8300,dot_product,1.0e-6
8300,dot_product,9.0e-7
8300,dot_product,1.0e-6
8300,dot_product,1.0e-6
8300,dot_product,1.0e-6
8300,dot_product,1.0e-6
8300,dot_product,1.0e-6
8300,dot_product,1.2e-6
8300,matrix_vector_multiply,0.012084
8300,matrix_vector_multiply,0.0126476
8300,matrix_vector_multiply,0.0127276
8300,matrix_vector_multiply,0.0140882
8300,matrix_vector_multiply,0.0120946
8300,matrix_vector_multiply,0.0128774
8300,matrix_vector_multiply,0.012169
8300,matrix_vector_multiply,0.0131178
8300,matrix_vector_multiply,0.0119044
8300,matrix_vector_multiply,0.0123482
8400,dot_product,1.0e-6
8400,dot_product,9.0e-7
8400,dot_product,9.0e-7
8400,dot_product,1.3e-6
8400,dot_product,1.1e-6
8400,dot_product,1.0e-6
8400,dot_product,1.4e-6
8400,dot_product,1.0e-6
8400,dot_product,1.1e-6
8400,dot_product,1.3e-6
8400,matrix_vector_multiply,0.0121686
8400,matrix_vector_multiply,0.0128384
8400,matrix_vector_multiply,0.0119096
8400,matrix_vector_multiply,0.0126477
8400,matrix_vector_multiply,0.0123493
8400,matrix_vector_multiply,0.0124133
8400,matrix_vector_multiply,0.0130413
8400,matrix_vector_multiply,0.0121961
8400,matrix_vector_multiply,0.011926
8400,matrix_vector_multiply,0.0130233
8500,dot_product,1.2e-6
8500,dot_product,1.0e-6
8500,dot_product,1.0e-6
8500,dot_product,1.2e-6
8500,dot_product,1.1e-6
8500,dot_product,1.0e-6
8500,dot_product,1.0e-6
8500,dot_product,1.1e-6
8500,dot_product,1.2e-6
8500,dot_product,1.1e-6
8500,matrix_vector_multiply,0.0123345
8500,matrix_vector_multiply,0.0134497
8500,matrix_vector_multiply,0.0139486
8500,matrix_vector_multiply,0.0124615
8500,matrix_vector_multiply,0.012587
8500,matrix_vector_multiply,0.0128153
8500,matrix_vector_multiply,0.0136944
8500,matrix_vector_multiply,0.0126322
8500,matrix_vector_multiply,0.0127648
8500,matrix_vector_multiply,0.0126561
8600,dot_product,1.0e-6
8600,dot_product,1.1e-6
8600,dot_product,1.1e-6
8600,dot_product,1.0e-6
8600,dot_product,1.2e-6
8600,dot_product,1.0e-6
8600,dot_product,1.1e-6
8600,dot_product,1.1e-6
8600,dot_product,1.2e-6
8600,dot_product,1.0e-6
8600,matrix_vector_multiply,0.0127926
8600,matrix_vector_multiply,0.0149838
8600,matrix_vector_multiply,0.0126472
8600,matrix_vector_multiply,0.0130533
8600,matrix_vector_multiply,0.0126707
8600,matrix_vector_multiply,0.0128102
8600,matrix_vector_multiply,0.0126814
8600,matrix_vector_multiply,0.013236
8600,matrix_vector_multiply,0.0127251
8600,matrix_vector_multiply,0.0136048
8700,dot_product,1.2e-6
8700,dot_product,1.0e-6
8700,dot_product,1.2e-6
8700,dot_product,1.0e-6
8700,dot_product,1.1e-6
8700,dot_product,1.1e-6
8700,dot_product,1.1e-6
8700,dot_product,1.0e-6
8700,dot_product,1.1e-6
8700,dot_product,1.1e-6
8700,matrix_vector_multiply,0.0142849
8700,matrix_vector_multiply,0.013897
8700,matrix_vector_multiply,0.0141673
8700,matrix_vector_multiply,0.0131209
8700,matrix_vector_multiply,0.0136688
8700,matrix_vector_multiply,0.013709
8700,matrix_vector_multiply,0.0132449
8700,matrix_vector_multiply,0.0136594
8700,matrix_vector_multiply,0.0136143
8700,matrix_vector_multiply,0.0135412
8800,dot_product,1.3e-6
8800,dot_product,1.0e-6
8800,dot_product,1.1e-6
8800,dot_product,1.2e-6
8800,dot_product,1.3e-6
8800,dot_product,9.0e-7
8800,dot_product,1.1e-6
8800,dot_product,1.0e-6
8800,dot_product,1.2e-6
8800,dot_product,1.0e-6
8800,matrix_vector_multiply,0.0134211
8800,matrix_vector_multiply,0.0128438
8800,matrix_vector_multiply,0.0130299
8800,matrix_vector_multiply,0.0139912
8800,matrix_vector_multiply,0.0135298
8800,matrix_vector_multiply,0.0134588
8800,matrix_vector_multiply,0.0131358
8800,matrix_vector_multiply,0.0134619
8800,matrix_vector_multiply,0.0130491
8800,matrix_vector_multiply,0.0132773
8900,dot_product,1.5e-6
8900,dot_product,1.1e-6
8900,dot_product,1.2e-6
8900,dot_product,1.1e-6
8900,dot_product,1.2e-6
8900,dot_product,1.1e-6
8900,dot_product,1.1e-6
8900,dot_product,1.1e-6
8900,dot_product,1.2e-6
8900,dot_product,1.0e-6
8900,matrix_vector_multiply,0.0142334
8900,matrix_vector_multiply,0.0139827
8900,matrix_vector_multiply,0.0149472
8900,matrix_vector_multiply,0.0144062
8900,matrix_vector_multiply,0.0146343
8900,matrix_vector_multiply,0.0132756
8900,matrix_vector_multiply,0.0134431
8900,matrix_vector_multiply,0.013142
8900,matrix_vector_multiply,0.0132273
8900,matrix_vector_multiply,0.0134583
9000,dot_product,1.3e-6
9000,dot_product,1.1e-6
9000,dot_product,1.0e-6
9000,dot_product,1.2e-6
9000,dot_product,1.0e-6
9000,dot_product,1.0e-6
9000,dot_product,1.0e-6
9000,dot_product,1.1e-6
9000,dot_product,1.1e-6
9000,dot_product,1.1e-6
9000,matrix_vector_multiply,0.014098
9000,matrix_vector_multiply,0.0138658
9000,matrix_vector_multiply,0.0137363
9000,matrix_vector_multiply,0.0148432
9000,matrix_vector_multiply,0.0147761
9000,matrix_vector_multiply,0.0142973
9000,matrix_vector_multiply,0.0146587
9000,matrix_vector_multiply,0.0144859
9000,matrix_vector_multiply,0.0142906
9000,matrix_vector_multiply,0.015286
9100,dot_product,1.1e-6
9100,dot_product,1.0e-6
9100,dot_product,1.0e-6
9100,dot_product,1.1e-6
9100,dot_product,1.1e-6
9100,dot_product,1.0e-6
9100,dot_product,1.0e-6
9100,dot_product,1.1e-6
9100,dot_product,1.1e-6
9100,dot_product,1.1e-6
9100,matrix_vector_multiply,0.0146045
9100,matrix_vector_multiply,0.0141425
9100,matrix_vector_multiply,0.0150892
9100,matrix_vector_multiply,0.0151889
9100,matrix_vector_multiply,0.014939
9100,matrix_vector_multiply,0.014085
9100,matrix_vector_multiply,0.0140898
9100,matrix_vector_multiply,0.0140297
9100,matrix_vector_multiply,0.0142878
9100,matrix_vector_multiply,0.0149598
9200,dot_product,1.1e-6
9200,dot_product,1.1e-6
9200,dot_product,1.1e-6
9200,dot_product,1.1e-6
9200,dot_product,1.0e-6
9200,dot_product,1.1e-6
9200,dot_product,1.0e-6
9200,dot_product,1.1e-6
9200,dot_product,1.1e-6
9200,dot_product,1.1e-6
9200,matrix_vector_multiply,0.0146391
9200,matrix_vector_multiply,0.0146402
9200,matrix_vector_multiply,0.0149677
9200,matrix_vector_multiply,0.015419
9200,matrix_vector_multiply,0.0151354
9200,matrix_vector_multiply,0.0169793
9200,matrix_vector_multiply,0.0152577
9200,matrix_vector_multiply,0.0144317
9200,matrix_vector_multiply,0.0151103
9200,matrix_vector_multiply,0.0150278
9300,dot_product,1.4e-6
9300,dot_product,1.1e-6
9300,dot_product,1.1e-6
9300,dot_product,1.1e-6
9300,dot_product,1.1e-6
9300,dot_product,1.1e-6
9300,dot_product,1.0e-6
9300,dot_product,1.1e-6
9300,dot_product,1.1e-6
9300,dot_product,1.2e-6
9300,matrix_vector_multiply,0.0152449
9300,matrix_vector_multiply,0.015611
9300,matrix_vector_multiply,0.0157414
9300,matrix_vector_multiply,0.0158349
9300,matrix_vector_multiply,0.0212494
9300,matrix_vector_multiply,0.0153599
9300,matrix_vector_multiply,0.0147608
9300,matrix_vector_multiply,0.0160593
9300,matrix_vector_multiply,0.0148038
9300,matrix_vector_multiply,0.0157566
9400,dot_product,1.1e-6
9400,dot_product,1.1e-6
9400,dot_product,1.1e-6
9400,dot_product,1.1e-6
9400,dot_product,1.1e-6
9400,dot_product,1.1e-6
9400,dot_product,1.0e-6
9400,dot_product,1.1e-6
9400,dot_product,1.0e-6
9400,dot_product,1.1e-6
9400,matrix_vector_multiply,0.0160345
9400,matrix_vector_multiply,0.0155649
9400,matrix_vector_multiply,0.0156872
9400,matrix_vector_multiply,0.0156449
9400,matrix_vector_multiply,0.0166347
9400,matrix_vector_multiply,0.0151756
9400,matrix_vector_multiply,0.0150694
9400,matrix_vector_multiply,0.0159064
9400,matrix_vector_multiply,0.0156022
9400,matrix_vector_multiply,0.0154065
9500,dot_product,1.4e-6
9500,dot_product,1.0e-6
9500,dot_product,1.0e-6
9500,dot_product,1.3e-6
9500,dot_product,1.1e-6
9500,dot_product,1.1e-6
9500,dot_product,1.1e-6
9500,dot_product,1.1e-6
9500,dot_product,1.1e-6
9500,dot_product,1.1e-6
9500,matrix_vector_multiply,0.0156746
9500,matrix_vector_multiply,0.0154888
9500,matrix_vector_multiply,0.0157533
9500,matrix_vector_multiply,0.015282
9500,matrix_vector_multiply,0.0174466
9500,matrix_vector_multiply,0.0152545
9500,matrix_vector_multiply,0.0159024
9500,matrix_vector_multiply,0.0161309
9500,matrix_vector_multiply,0.0157385
9500,matrix_vector_multiply,0.0156498
9600,dot_product,1.3e-6
9600,dot_product,1.2e-6
9600,dot_product,1.1e-6
9600,dot_product,1.2e-6
9600,dot_product,1.1e-6
9600,dot_product,1.3e-6
9600,dot_product,1.1e-6
9600,dot_product,1.1e-6
9600,dot_product,1.2e-6
9600,dot_product,1.1e-6
9600,matrix_vector_multiply,0.0151617
9600,matrix_vector_multiply,0.0160843
9600,matrix_vector_multiply,0.0160152
9600,matrix_vector_multiply,0.0154035
9600,matrix_vector_multiply,0.0165926
9600,matrix_vector_multiply,0.0161397
9600,matrix_vector_multiply,0.0162893
9600,matrix_vector_multiply,0.0156468
9600,matrix_vector_multiply,0.0162952
9600,matrix_vector_multiply,0.0163521
9700,dot_product,1.4e-6
9700,dot_product,1.0e-6
9700,dot_product,1.1e-6
9700,dot_product,1.1e-6
9700,dot_product,1.2e-6
9700,dot_product,1.1e-6
9700,dot_product,1.2e-6
9700,dot_product,1.2e-6
9700,dot_product,1.2e-6
9700,dot_product,1.1e-6
9700,matrix_vector_multiply,0.0211191
9700,matrix_vector_multiply,0.016042
9700,matrix_vector_multiply,0.0165464
9700,matrix_vector_multiply,0.0156377
9700,matrix_vector_multiply,0.0165876
9700,matrix_vector_multiply,0.0165666
9700,matrix_vector_multiply,0.0169811
9700,matrix_vector_multiply,0.0161963
9700,matrix_vector_multiply,0.0167634
9700,matrix_vector_multiply,0.0159762
9800,dot_product,1.2e-6
9800,dot_product,1.2e-6
9800,dot_product,1.0e-6
9800,dot_product,1.5e-6
9800,dot_product,1.1e-6
9800,dot_product,1.2e-6
9800,dot_product,1.2e-6
9800,dot_product,1.2e-6
9800,dot_product,1.2e-6
9800,dot_product,1.2e-6
9800,matrix_vector_multiply,0.0166107
9800,matrix_vector_multiply,0.0169351
9800,matrix_vector_multiply,0.0165709
9800,matrix_vector_multiply,0.0175935
9800,matrix_vector_multiply,0.0165453
9800,matrix_vector_multiply,0.0162666
9800,matrix_vector_multiply,0.0164071
9800,matrix_vector_multiply,0.0171039
9800,matrix_vector_multiply,0.0176205
9800,matrix_vector_multiply,0.0162511
9900,dot_product,1.5e-6
9900,dot_product,1.1e-6
9900,dot_product,1.1e-6
9900,dot_product,1.2e-6
9900,dot_product,1.1e-6
9900,dot_product,1.4e-6
9900,dot_product,1.1e-6
9900,dot_product,1.1e-6
9900,dot_product,1.2e-6
9900,dot_product,1.2e-6
9900,matrix_vector_multiply,0.0176461
9900,matrix_vector_multiply,0.0165467
9900,matrix_vector_multiply,0.0170498
9900,matrix_vector_multiply,0.018416
9900,matrix_vector_multiply,0.0168892
9900,matrix_vector_multiply,0.017513
9900,matrix_vector_multiply,0.018062
9900,matrix_vector_multiply,0.0176293
9900,matrix_vector_multiply,0.021892
9900,matrix_vector_multiply,0.0167449
10000,dot_product,1.1e-6
10000,dot_product,1.2e-6
10000,dot_product,1.1e-6
10000,dot_product,1.2e-6
10000,dot_product,1.2e-6
10000,dot_product,1.2e-6
10000,dot_product,1.1e-6
10000,dot_product,1.2e-6
10000,dot_product,1.1e-6
10000,dot_product,1.1e-6
10000,matrix_vector_multiply,0.0175019
10000,matrix_vector_multiply,0.0176818
10000,matrix_vector_multiply,0.0175028
10000,matrix_vector_multiply,0.0179079
10000,matrix_vector_multiply,0.0175794
10000,matrix_vector_multiply,0.0181296
10000,matrix_vector_multiply,0.0172925
10000,matrix_vector_multiply,0.0180488
10000,matrix_vector_multiply,0.0186629
10000,matrix_vector_multiply,0.0173237
